distributor_id,Distributor Name,Customer Code,Customer Name,latitude,longitude
33723.0,Kalinga Pharmatech,80124624.0,MEDI HUB,20.2039545,85.8364409
33723.0,Kalinga Pharmatech,2593.0,MAA GAYATRI DRUG HOUSE,20.2045919,85.8404654
33723.0,Kalinga Pharmatech,2639.0,SAKTISHREE MEDICINE STORE,20.2065149,85.8432911
33723.0,Kalinga Pharmatech,80125510.0,SHREE ENTERPRISERS,20.2073752,85.8377275
33723.0,Kalinga Pharmatech,2207.0,SANJAY MEDICAL STORE,20.2073752,85.8377275
33723.0,Kalinga Pharmatech,1888.0,TRUPTY DRUG HOUSE,20.2074814,85.8369458
33723.0,Kalinga Pharmatech,2388.0,SANJUKTA MEDICINE STORE,20.2079483,85.9589767
33723.0,Kalinga Pharmatech,1791.0,SRIRAM MEDICINE STORE,20.2085005,85.8386788
33723.0,Kalinga Pharmatech,2481.0,KALYANI MEDICAL STORE,20.2108048,85.96398085
33723.0,Kalinga Pharmatech,80125163.0,DOCTORS MEDICINES,20.21227305,85.8431843
33723.0,Kalinga Pharmatech,1738.0,MISHRA DRUG HOUSE,20.2133951,85.8404654
33723.0,Kalinga Pharmatech,80123990.0,PRADEEP MEDICAL HALL,20.2133951,85.8404654
33723.0,Kalinga Pharmatech,80124187.0,MANORAMA MEDICAL STORE,20.2134568,85.8404654
33723.0,Kalinga Pharmatech,1508.0,FIRST CARE RX,20.21386955,85.8408793
33723.0,Kalinga Pharmatech,1869.0,MEDILAND,20.21527535,85.84069375
33723.0,Kalinga Pharmatech,1545.0,OMM SAI MEDICINES,20.2157064,85.8473061
33723.0,Kalinga Pharmatech,1455.0,MAA PARVATI MEDICINES,20.2174665,85.8465521
33723.0,Kalinga Pharmatech,80124050.0,UPENDRA PHARMA,20.2197034,85.84603525
33723.0,Kalinga Pharmatech,80124851.0,NATIONAL DRUG HOUSE,20.21994475,85.8425087
33723.0,Kalinga Pharmatech,80124306.0,SR MEDICAL STORE,20.2199709,85.84758055
33723.0,Kalinga Pharmatech,3348.0,SRIMATI MEDICAL HOUSE,20.2201536,85.844077
33723.0,Kalinga Pharmatech,2847.0,ARATI PHARMA,20.2203658,85.8473567
33723.0,Kalinga Pharmatech,3372.0,MATRUKRUPA MEDICARE,20.2206434,85.8434472
33723.0,Kalinga Pharmatech,1832.0,MAHALAXMI MEDICINE STORE,20.2209524,85.8437594
33723.0,Kalinga Pharmatech,80126269.0,MAA MANGALA MEDICINE STORE,20.2209643,85.844107
33723.0,Kalinga Pharmatech,80124049.0,NEW MICRO MEDICARE,20.2214845,85.8465694
33723.0,Kalinga Pharmatech,1692.0,LIVE LIFE,20.22182235,85.84381915
33723.0,Kalinga Pharmatech,1468.0,SHREEKSHETRA MEDICINES,20.2218371,85.8366258
33723.0,Kalinga Pharmatech,80124865.0,MEDI CARE,20.2218371,85.8437594
33723.0,Kalinga Pharmatech,1860.0,PAPUN MEDICAL STORE,20.2218572,85.8440447
33723.0,Kalinga Pharmatech,1787.0,JYOSTNA MEDICINES,20.2218875,85.8486108
33723.0,Kalinga Pharmatech,1746.0,BASUDEV MEDICAL STORE,20.22191425,85.84381575
33723.0,Kalinga Pharmatech,80124048.0,SUBHAM MEDICINE STORE,20.2222175,85.84294235
33723.0,Kalinga Pharmatech,1707.0,MAA GOURI DRUG HOUSE,20.2222491,85.8452322
33723.0,Kalinga Pharmatech,80124051.0,MAA NARAYANI MEDICINES,20.22236205,85.84338225
33723.0,Kalinga Pharmatech,80124236.0,KANAK DURGA MEDICAL STORE,20.2227367,85.9657365
33723.0,Kalinga Pharmatech,80124110.0,KESHARI MEDICALL HALL,20.2228326,85.9244531
33723.0,Kalinga Pharmatech,1694.0,LINGARAJ DRUG HOUSE,20.2231138,85.8411054
33723.0,Kalinga Pharmatech,80124866.0,SRIMATI PHARMA,20.2231375,85.9625446
33723.0,Kalinga Pharmatech,1630.0,SANTOSHI MEDICAL STORE,20.2239026,85.9603101
33723.0,Kalinga Pharmatech,80124614.0,SARADA MEDICAL HALL,20.2239026,85.9679708
33723.0,Kalinga Pharmatech,80124962.0,PRANGYA LIFE LINE,20.2239412,85.8438479
33723.0,Kalinga Pharmatech,1856.0,MAA GOURI MEDICINE STORE,20.2239412,85.8465694
33723.0,Kalinga Pharmatech,80124017.0,GENEX PHARMA,20.2243152,85.8440717
33723.0,Kalinga Pharmatech,80124068.0,KAUSALYA MEDICINES,20.224321,85.8412686
33723.0,Kalinga Pharmatech,1463.0,SANJEEBAN MEDICINE STORE,20.2243453,85.8491034
33723.0,Kalinga Pharmatech,1566.0,ARATI PHARMA,20.2243492,85.8438408
33723.0,Kalinga Pharmatech,1210.0,HARAGOURI MEDICAL STORE,20.2243889,85.84396725
33723.0,Kalinga Pharmatech,80126426.0,M/S SB PHARMA CARE,20.2249153,85.9635022
33723.0,Kalinga Pharmatech,1740.0,SRIYAN MEDICAL HALL,20.2309882,85.844565
33723.0,Kalinga Pharmatech,1978.0,MAA MEDICINES,20.2364376,85.7902185
33723.0,Kalinga Pharmatech,1588.0,M/S AUSADHI,20.2364847,85.8411271
33723.0,Kalinga Pharmatech,2995.0,HARI OMM MEDICINE STORE,20.2373215,85.8114269
33723.0,Kalinga Pharmatech,1565.0,SHREE LINGARAJ MEDICINE STORE,20.2374275,85.8409453
33723.0,Kalinga Pharmatech,80124166.0,DOCTORCABIN PHARMA,20.2393806,85.8379587
33723.0,Kalinga Pharmatech,80124186.0,KRUSHNA CHANDRA DRUG HOUSE,20.2399664,85.8067573
33723.0,Kalinga Pharmatech,2025.0,STAY WELL,20.24059975,85.82219905
33723.0,Kalinga Pharmatech,80124890.0,USHA KALYAN MEDICINE STORE,20.2412989,85.7758408
33723.0,Kalinga Pharmatech,1552.0,BAPU MEDICINE STORE,20.2413031,85.84375505
33723.0,Kalinga Pharmatech,3259.0,SHIFA KHANA MEDICAL STORE,20.2421467,85.7903001
33723.0,Kalinga Pharmatech,80125929.0,JEEVAN DAAN PHARMA,20.2427382,85.7878919
33723.0,Kalinga Pharmatech,1439.0,M/S MEDICARE,20.2427805,85.7712813
33723.0,Kalinga Pharmatech,80126342.0,SATYA SAI MEDICINE STORE,20.24351155,85.8868907
33723.0,Kalinga Pharmatech,2719.0,GURU KRUPA MEDICINES,20.2438385,85.7796347
33723.0,Kalinga Pharmatech,3158.0,DATO MEDICINE STORE,20.2440567,85.7723456
33723.0,Kalinga Pharmatech,80124916.0,CARIS MEDICINE STORE,20.24407365,85.7813336
33723.0,Kalinga Pharmatech,80124267.0,MM PHARMA,20.24422195,85.7939017
33723.0,Kalinga Pharmatech,80124125.0,SAI BEETEL SHOP(0R-4283280),20.24436875,85.84676725
33723.0,Kalinga Pharmatech,1007.0,SANJEEVANI MEDICINE STORE,20.24478875,85.84408865
33723.0,Kalinga Pharmatech,1437.0,LIFELINE MEDICAL STORE,20.2448021,85.78466145
33723.0,Kalinga Pharmatech,80124274.0,ARADHYA AGENCY,20.2448404,85.840934
33723.0,Kalinga Pharmatech,80124608.0,KHUNTIA BROTHERS MEDICINE STORE,20.24528215,85.8398254
33723.0,Kalinga Pharmatech,1699.0,SAI DRUG HOUSE,20.2455595,85.8410802
33723.0,Kalinga Pharmatech,80125920.0,TARA MEDICINE STORE(DUMUDUMA),20.24593255,85.7888653
33723.0,Kalinga Pharmatech,2598.0,CURE MEDICINE STORE,20.2460537,85.8320925
33723.0,Kalinga Pharmatech,80126184.0,MARTHA MEDICARE,20.2461798,85.78789225
33723.0,Kalinga Pharmatech,80124268.0,CARE AND CURE DRUG HOUSE,20.2464926,85.7901438
33723.0,Kalinga Pharmatech,80124388.0,SHREE MEDICINES (DUMDUMA),20.24701605,85.79203885
33723.0,Kalinga Pharmatech,80124373.0,KALINGA MEDICINES,20.24716105,85.78784665
33723.0,Kalinga Pharmatech,1731.0,SHREE SAKAMBARI MEDICAL STORE,20.2473212,85.84112985
33723.0,Kalinga Pharmatech,80124260.0,JAYA DURGA MEDICALS,20.2474802,85.79089285
33723.0,Kalinga Pharmatech,80124333.0,SAIKRUPA MEDICINE STORE,20.2479819,85.79165965
33723.0,Kalinga Pharmatech,3315.0,SWARNA PHARMA CARE,20.24880405,85.8487716
33723.0,Kalinga Pharmatech,1590.0,SUBHAM MEDICINES,20.2492549,85.8404654
33723.0,Kalinga Pharmatech,80124258.0,KHAMBESWARI MEDICAL STORE,20.24958035,85.7924592
33723.0,Kalinga Pharmatech,80124368.0,NILAKANTHESWAR DRUG HOUSE,20.24974995,85.8811617
33723.0,Kalinga Pharmatech,1341.0,KAYSARI MEDICAL STORE,20.2498119,85.7956174
33723.0,Kalinga Pharmatech,80124364.0,MAHALAXMI MEDICINE STORE(DUMUDUMA),20.2498398,85.7969964
33723.0,Kalinga Pharmatech,80124575.0,AABHYUDAY  ENTERPRISES,20.24987345,85.8444646
33723.0,Kalinga Pharmatech,1587.0,NEO PHARMA,20.2499261,85.8404654
33723.0,Kalinga Pharmatech,80124917.0,ASHIRWAD DISTRIBUTORS (NAGPUR),20.2502653,85.9378858
33723.0,Kalinga Pharmatech,80124439.0,MAMALI DRUG HOUSE,20.2502748,85.9378141
33723.0,Kalinga Pharmatech,80124476.0,AAYUSH PHARMA GUWAHATI,20.2502756,85.9378753
33723.0,Kalinga Pharmatech,80125033.0,SRI ALAGU PHARMA COIMBATORE OLD,20.2502757,85.9378756
33723.0,Kalinga Pharmatech,80125272.0,SABITRI MEDICINE STORE,20.2502757,85.9378756
33723.0,Kalinga Pharmatech,2212.0,MAA SARAL MEDICINE,20.250276,85.9378853
33723.0,Kalinga Pharmatech,80125801.0,MAHAVEER MEDI SALES PVT LTD,20.2502762,85.9378855
33723.0,Kalinga Pharmatech,80125142.0,PATTNAIK MEDICAL STORE,20.2502764,85.9378821
33723.0,Kalinga Pharmatech,3213.0,SANJUKTA MEDICINE STORE,20.2504361,85.788463
33723.0,Kalinga Pharmatech,2554.0,MAHASHAKTI MEDICINES,20.2504379,85.7884648
33723.0,Kalinga Pharmatech,80125845.0,MEDICARE PLUS,20.2504432,85.7884607
33723.0,Kalinga Pharmatech,2616.0,SAI MEDICINE STORE,20.2508209,85.7903001
33723.0,Kalinga Pharmatech,80125067.0,MAA MANGALA MEDICINE STORE,20.251314,85.80572715
33723.0,Kalinga Pharmatech,80124854.0,DOCTORS PEN,20.2514801,85.84740855
33723.0,Kalinga Pharmatech,3177.0,DEEPAK MEDICARE,20.2517526,85.7725418
33723.0,Kalinga Pharmatech,80124392.0,ALOK DRUG HOUSE,20.252446,85.7930021
33723.0,Kalinga Pharmatech,2503.0,ZENITH MEDICINE STORE,20.2524673,85.80917275
33723.0,Kalinga Pharmatech,2638.0,MAA MEDICAL HALL,20.25272215,85.8108514
33723.0,Kalinga Pharmatech,2203.0,SAI MEDICINE STORE,20.2532928,85.7943968
33723.0,Kalinga Pharmatech,1880.0,RAKHINA MEDICINE STORE,20.2533285,85.8053534
33723.0,Kalinga Pharmatech,80126396.0,MAA MANGALA MEDICINE,20.25343365,85.83950545
33723.0,Kalinga Pharmatech,80124101.0,PATRA PHARMA,20.2546348,85.80476005
33723.0,Kalinga Pharmatech,1330.0,MARUTI MEDICINES,20.255571,85.799896
33723.0,Kalinga Pharmatech,2511.0,SHREE RAGHUNANDAN MEDICINE STORE,20.2563161,85.8241586
33723.0,Kalinga Pharmatech,3275.0,ROSE MEDICARE,20.2568318,85.7985319
33723.0,Kalinga Pharmatech,3191.0,BHUMI WELL CURE PHARMA,20.2568318,85.7985459
33723.0,Kalinga Pharmatech,80126207.0,DR MRUTUNJAY DASH,20.2568318,85.7985459
33723.0,Kalinga Pharmatech,80124833.0,SHREE KRISHNA  MEDICINE STORE,20.2570978,85.7959574
33723.0,Kalinga Pharmatech,1233.0,KAMINI MEDICINE STORE,20.25722685,85.7972155
33723.0,Kalinga Pharmatech,80124137.0,ROSE MEDICARE,20.2575556,85.7985228
33723.0,Kalinga Pharmatech,80126320.0,MED ZONE  PLUS,20.2579673,85.84080615
33723.0,Kalinga Pharmatech,80124233.0,ROSE MEDICAL HALL,20.2580024,85.7878059
33723.0,Kalinga Pharmatech,80124985.0,SMART MEDICINES,20.2580092,85.78786165
33723.0,Kalinga Pharmatech,1009.0,SMRUTI PHARMA,20.2585785,85.8468925
33723.0,Kalinga Pharmatech,3338.0,RAJENDRA DRUG HOUSE,20.258908,85.8468097
33723.0,Kalinga Pharmatech,1886.0,MAMALI DRUG HOUSE,20.2596462,85.7928184
33723.0,Kalinga Pharmatech,80123991.0,DEVI MEDICAL HALL,20.26054065,85.8519598
33723.0,Kalinga Pharmatech,80124121.0,SARASWATI MEDICAL STORE,20.2609217,85.7987603
33723.0,Kalinga Pharmatech,2500.0,SHREE DRUG HOUSE,20.26129345,85.7939931
33723.0,Kalinga Pharmatech,80125451.0,BISWESWAR PHARMACEUTICALS AND SURGICAL,20.2613943,85.7974408
33723.0,Kalinga Pharmatech,80126100.0,MAA SANTOSHI DRUGS,20.2622913,85.79705005
33723.0,Kalinga Pharmatech,80124133.0,SAI KRUPA PHARMA,20.2637996,85.7986772
33723.0,Kalinga Pharmatech,80125146.0,RAGHUNATH MEDICOZ,20.2642585,85.88684565
33723.0,Kalinga Pharmatech,1779.0,AROGYAM DRUG HOUSE,20.2651571,85.7727481
33723.0,Kalinga Pharmatech,2480.0,EDIZONE,20.26624775,85.91721755
33723.0,Kalinga Pharmatech,3155.0,ADITYA DRUG HOUSE,20.2665348,85.91692655
33723.0,Kalinga Pharmatech,1754.0,OMM MEDICINES,20.2666004,85.799637
33723.0,Kalinga Pharmatech,80125899.0,SAIRAM PHARMACEUTICALS,20.2666058,85.799651
33723.0,Kalinga Pharmatech,80124183.0,MILLENIUM PHARMA HOUSE,20.26684835,85.7996666
33723.0,Kalinga Pharmatech,80125446.0,CURE PHARMA,20.26728875,85.9254072
33723.0,Kalinga Pharmatech,2384.0,MAA TARINI MEDICAL STORE,20.2674343,85.9243954
33723.0,Kalinga Pharmatech,80124331.0,PURNIMA MEDICINE STORE,20.2678688,85.7924725
33723.0,Kalinga Pharmatech,80126152.0,MISHRA DRUG HOUSE,20.2680871,85.7986298
33723.0,Kalinga Pharmatech,80124109.0,PHARMA CARE,20.26830035,85.79560555
33723.0,Kalinga Pharmatech,3167.0,RADHARAMAN DRUGS,20.2692131,85.8001576
33723.0,Kalinga Pharmatech,80125711.0,PATI MEDICAL STORE,20.26922385,85.92371365
33723.0,Kalinga Pharmatech,2602.0,OMM SAI PHARMACEUTICAL,20.26976495,85.8765842
33723.0,Kalinga Pharmatech,80124320.0,SAMAL MEDICINE STORE,20.2699063,85.7841905
33723.0,Kalinga Pharmatech,80124019.0,CAPITAL LIFE CARE,20.2699181,85.7883918
33723.0,Kalinga Pharmatech,80124322.0,SANATAN MEDICAL HALL,20.2699181,85.7900999
33723.0,Kalinga Pharmatech,80125677.0,SHREE JAGANNATH MEDICINE STORE,20.27012095,85.79988305
33723.0,Kalinga Pharmatech,80125136.0,CHANDRAMA DRUG HOUSE,20.270691,85.821289
33723.0,Kalinga Pharmatech,2784.0,M/S KAMALA MEDICINE & MEDICINES,20.2707708,85.8216022
33723.0,Kalinga Pharmatech,80124319.0,KANCHAN MEDICINES,20.2707871,85.78397715
33723.0,Kalinga Pharmatech,80126155.0,PANDA HEALTH CARE,20.2708657,85.7891433
33723.0,Kalinga Pharmatech,1334.0,OMM SAI KRUPA MEDICINES,20.27129325,85.8984164
33723.0,Kalinga Pharmatech,80124361.0,BAIDYANATH MEDICARE,20.2721145,85.7862985
33723.0,Kalinga Pharmatech,80125356.0,PHARMA  LIFE,20.2721148,85.7670079
33723.0,Kalinga Pharmatech,80124293.0,V CARE PHARMA,20.2722522,85.7894366
33723.0,Kalinga Pharmatech,1516.0,AROGYA CHEST CLINIC AND MEDICINE STORE,20.2725115,85.7837947
33723.0,Kalinga Pharmatech,80123988.0,JAGANNATH MEDICINE STORE,20.2738545,85.8956589
33723.0,Kalinga Pharmatech,80126079.0,HEALTH OKK,20.2752281,85.7723158
33723.0,Kalinga Pharmatech,80124408.0,M/S SR PHARMA,20.27525735,85.78870955
33723.0,Kalinga Pharmatech,80124231.0,KISSY MEDICAL HALL,20.2755377,85.85366975
33723.0,Kalinga Pharmatech,1057.0,SS MEDICINE SQUARE,20.2763624,85.8652172
33723.0,Kalinga Pharmatech,3351.0,SAMARTH MEDICINE STORE,20.2763624,85.8718113
33723.0,Kalinga Pharmatech,80124071.0,DURGA MEDICARE,20.27653295,85.7864299
33723.0,Kalinga Pharmatech,80125846.0,DK PHARMATECH,20.2775792,85.795327
33723.0,Kalinga Pharmatech,80123997.0,NEW RAJDHANI DRUG HOUSE,20.2777788,85.79553395
33723.0,Kalinga Pharmatech,80124170.0,NARAYAN DRUG HOUSE,20.2778589,85.7948157
33723.0,Kalinga Pharmatech,80126338.0,BABA PHARMA,20.2779577,85.8635198
33723.0,Kalinga Pharmatech,2594.0,SHIVASHAKTI MEDICAL HALL,20.2780142,85.8417451
33723.0,Kalinga Pharmatech,1475.0,SHIVSAI MEDICINE STORE,20.2780331,85.7838083
33723.0,Kalinga Pharmatech,80124158.0,SAI MEDICAL STORE,20.27809395,85.91705495
33723.0,Kalinga Pharmatech,80124045.0,HEALTH CARE,20.2783971,85.79560375
33723.0,Kalinga Pharmatech,1332.0,MAA BARABHUJA HEALTH HOUSE,20.2784063,85.7956866
33723.0,Kalinga Pharmatech,1474.0,SHREE PHARMA,20.2785359,85.7947778
33723.0,Kalinga Pharmatech,1073.0,SANSKAR PHARMA,20.2786468,85.8618367
33723.0,Kalinga Pharmatech,1190.0,ORANGE MEDICO,20.27923905,85.8641695
33723.0,Kalinga Pharmatech,1523.0,SUBHALAXMI MEDICINE STORE,20.2794988,85.7924505
33723.0,Kalinga Pharmatech,1648.0,SHREE JAGANNATH DRUG HOUSE,20.2794988,85.7947725
33723.0,Kalinga Pharmatech,80124034.0,S.K.DRUG HOUSE,20.2795675,85.7964029
33723.0,Kalinga Pharmatech,1387.0,MAHAVIR MEDICAL STORE,20.2797031,85.8759681
33723.0,Kalinga Pharmatech,2254.0,NEW MEDIZONE,20.2798833,85.7978379
33723.0,Kalinga Pharmatech,80124007.0,MED PHARMA,20.28010265,85.84045105
33723.0,Kalinga Pharmatech,80124011.0,BARSHA DRUG HOUSE,20.2801512,85.7986958
33723.0,Kalinga Pharmatech,80126339.0,SIDHESWAR MEDICINE STORE,20.2803075,85.9377956
33723.0,Kalinga Pharmatech,1873.0,A.G. MEDICALS,20.28088985,85.8303879
33723.0,Kalinga Pharmatech,1219.0,MEDISUS,20.2810791,85.8571477
33723.0,Kalinga Pharmatech,80125966.0,D CARE MEDICOS,20.2814036,85.7894366
33723.0,Kalinga Pharmatech,80126175.0,HEALTH PLUS+MEDICINE STORE,20.2814036,85.7986576
33723.0,Kalinga Pharmatech,1811.0,HEALTH PLUS MEDICINE STORE,20.2821789,85.9005819
33723.0,Kalinga Pharmatech,1208.0,SHREE AROGYA MEDICINES,20.2822449,85.8555233
33723.0,Kalinga Pharmatech,80126343.0,MEDICA PHARMACY,20.28274705,85.84995005
33723.0,Kalinga Pharmatech,1013.0,OMM BALARAM MEDICINE STORE,20.28306445,85.8841207
33723.0,Kalinga Pharmatech,1693.0,MAHAVEER MEDICINE STORE,20.28310635,85.9248477
33723.0,Kalinga Pharmatech,1189.0,SRI SAI MEDICINE STORE,20.28310635,85.926402
33723.0,Kalinga Pharmatech,80125578.0,SHREERAM MEDICINE STORE(KHURDA),20.2838234,85.7782858
33723.0,Kalinga Pharmatech,1616.0,NAGESWAR MEDICAL STORE,20.28411645,85.8427721
33723.0,Kalinga Pharmatech,1525.0,MAA SANTOSHI MEDICAL STORE,20.28415465,85.8396315
33723.0,Kalinga Pharmatech,1584.0,MAA SANTOSHI MEDICINE STORE,20.2842289,85.7990371
33723.0,Kalinga Pharmatech,80125594.0,MEDI-MAN(A UNIT OF ACHARYA PHARMACY PVT LTD),20.2842321,85.8089169
33723.0,Kalinga Pharmatech,1068.0,RATNAMANI MEDICARE,20.2846703,85.8692705
33723.0,Kalinga Pharmatech,80124374.0,SHRIYA MEDICINE STORE,20.28530295,85.86271875
33723.0,Kalinga Pharmatech,1872.0,MISHRA MEDICAL HALL,20.2853107,85.83534235
33723.0,Kalinga Pharmatech,1182.0,JAYADURGA MEDICINE STORE,20.2858543,85.87016125
33723.0,Kalinga Pharmatech,3222.0,DIBYA PHARMA,20.2862558,85.7732261
33723.0,Kalinga Pharmatech,3175.0,NIRANJAN MEDICAL STORE,20.2862558,85.7839844
33723.0,Kalinga Pharmatech,80124913.0,AYUSH PHARMA,20.2862558,85.7990371
33723.0,Kalinga Pharmatech,80124363.0,PRABHU MEDICARE,20.2862644,85.7732422
33723.0,Kalinga Pharmatech,1324.0,DEVI MEDICINE STORE,20.2862778,85.7883918
33723.0,Kalinga Pharmatech,1604.0,NEW LIFE EXPRESS MEDICINE STORE,20.2862792,85.7947415
33723.0,Kalinga Pharmatech,1976.0,KANHU MEDICAL STORE,20.2862792,85.7947731
33723.0,Kalinga Pharmatech,1679.0,MAA BRAHMANI DEI MEDICAL STORE,20.2863981,85.8481959
33723.0,Kalinga Pharmatech,80124230.0,SRI RAM MEDICAL STORE,20.286531,85.89209205
33723.0,Kalinga Pharmatech,1011.0,MONALI MEDICALS,20.28688775,85.95624495
33723.0,Kalinga Pharmatech,80124534.0,ASHOK LIFE LINE,20.2869254,85.8241076
33723.0,Kalinga Pharmatech,2912.0,SANJUKTA MED LIFE,20.2869293,85.8305459
33723.0,Kalinga Pharmatech,1030.0,AMRITA MEDICAL STORE,20.2874155,85.86927375
33723.0,Kalinga Pharmatech,80124035.0,BHAVANI MEDICAL STORE,20.2877134,85.8268693
33723.0,Kalinga Pharmatech,80124939.0,SNEHALATA MEDICARE,20.28792115,85.78065585
33723.0,Kalinga Pharmatech,1896.0,SUBHAM MEDICINES,20.2883346,85.82665395
33723.0,Kalinga Pharmatech,1025.0,MAHAVIR MEDICAL HALL,20.288374,85.96065865
33723.0,Kalinga Pharmatech,1915.0,LIBRA MEDICARE,20.288399,85.95751865
33723.0,Kalinga Pharmatech,80124261.0,DURGA MEDICINE STORE,20.288742,85.85256515
33723.0,Kalinga Pharmatech,80124351.0,LIFE CARE DRUG HOUSE,20.2895071,85.8986644
33723.0,Kalinga Pharmatech,1143.0,MAA SANTOSHI MEDICAL STORE,20.28957895,85.8616104
33723.0,Kalinga Pharmatech,2919.0,SRI JAGANNATH MEDICINE STORE,20.2897079,85.89674675
33723.0,Kalinga Pharmatech,1081.0,DOCTOR CABIN PHARMA,20.2897714,85.8641628
33723.0,Kalinga Pharmatech,80124145.0,CUREAIDS MEDICAL HALL,20.289852,85.8830349
33723.0,Kalinga Pharmatech,1998.0,SAI AROGYAM MEDICINE STORE,20.290137,85.86755745
33723.0,Kalinga Pharmatech,2257.0,CAPITAL DRUGS,20.2911125,85.8183427
33723.0,Kalinga Pharmatech,3284.0,PHOENIX PHARMA,20.291146,85.8575129
33723.0,Kalinga Pharmatech,80125651.0,GAYATREE MEDI CARE,20.2913248,85.8393403
33723.0,Kalinga Pharmatech,2477.0,M/S PATTANAYAK MEDICAL HALL,20.29133895,85.8451108
33723.0,Kalinga Pharmatech,80124815.0,DIYA MEDICINE STORE,20.292183,85.8431594
33723.0,Kalinga Pharmatech,3093.0,MILLENIUM PHARMA,20.2922864,85.8589191
33723.0,Kalinga Pharmatech,80125017.0,PRATIVA MEDI CLINIC,20.2923073,85.8493071
33723.0,Kalinga Pharmatech,1531.0,SRI HARI MEDICINE STORE,20.2923075,85.8588564
33723.0,Kalinga Pharmatech,80125098.0,MEDYLIFE PHARMA,20.2923229,85.8589438
33723.0,Kalinga Pharmatech,80124070.0,YOGAMAYA DRUG HOUSE,20.2923233,85.8510227
33723.0,Kalinga Pharmatech,80124346.0,SUBHAM PHARMA,20.29232515,85.85893595
33723.0,Kalinga Pharmatech,2589.0,ADITYA MEDICINE STORE,20.2923307,85.8589512
33723.0,Kalinga Pharmatech,80124154.0,MAA BANADURGA DRUG HOUSE,20.292331,85.85894645
33723.0,Kalinga Pharmatech,80124300.0,SHREE MEDICINE STORE,20.29233435,85.8589651
33723.0,Kalinga Pharmatech,1338.0,ISHAN PHARMA,20.2923349,85.8589466
33723.0,Kalinga Pharmatech,1902.0,MAHAVEER MEDICARE,20.2923395,85.85895
33723.0,Kalinga Pharmatech,80124175.0,SAI TIRUPATI MEDICINE STORE,20.29234,85.8588987
33723.0,Kalinga Pharmatech,2779.0,DADHIBAMANJEW DRUGGIST &  CHEMIST,20.29234995,85.85894355
33723.0,Kalinga Pharmatech,1846.0,BIJAY DRUG HOUSE,20.2923518,85.8579067
33723.0,Kalinga Pharmatech,1610.0,SAI MEDICINES,20.292353,85.8589461
33723.0,Kalinga Pharmatech,1611.0,GOPAL MEDICAL STORE,20.29235565,85.85896875
33723.0,Kalinga Pharmatech,1875.0,MEDICOS,20.2923587,85.8587885
33723.0,Kalinga Pharmatech,80124295.0,AYUSH MEDICARE,20.29235995,85.8590827
33723.0,Kalinga Pharmatech,1411.0,MEDYZINE,20.29236415,85.8584883
33723.0,Kalinga Pharmatech,2993.0,TARA TARINI MEDICAL STORE,20.2924018,85.8588962
33723.0,Kalinga Pharmatech,2347.0,MAA PURNABASI MEDICINE STORE,20.2924392,85.8489947
33723.0,Kalinga Pharmatech,80125853.0,MAHESH MEDICAL STORE(NAYAPALLI),20.2927104,85.8585201
33723.0,Kalinga Pharmatech,1138.0,ANKITA MEDICINES,20.2932065,85.8640054
33723.0,Kalinga Pharmatech,2310.0,ACHARYA MEDICINE STORE,20.2941961,85.88126515
33723.0,Kalinga Pharmatech,3169.0,ROSE MEDICINES,20.2943741,85.8169943
33723.0,Kalinga Pharmatech,80126072.0,MAGIC DOSE,20.2943801,85.82324565
33723.0,Kalinga Pharmatech,3310.0,MEDIS STOCK,20.29467005,85.9248477
33723.0,Kalinga Pharmatech,80124116.0,SRI JAGANNATH DRUG HOUSE,20.2947299,85.8630261
33723.0,Kalinga Pharmatech,2893.0,SAIKA MEDICINE,20.2949712,85.817866
33723.0,Kalinga Pharmatech,80123986.0,DIAL HEALTH CARE INDIA PRIVATE LIMITED,20.2949757,85.8292934
33723.0,Kalinga Pharmatech,2008.0,AROGYAM PLUS,20.29512245,85.86137345
33723.0,Kalinga Pharmatech,3316.0,B CURE MEDICAL HUB,20.2955345,85.8641447
33723.0,Kalinga Pharmatech,80124139.0,MAA BIMALA ENTERPRISES,20.2955549,85.8712128
33723.0,Kalinga Pharmatech,1191.0,SANVI MEDICALS,20.2956541,85.8739463
33723.0,Kalinga Pharmatech,80125360.0,SHREE HEALTH MART,20.2959381,85.858959
33723.0,Kalinga Pharmatech,80124573.0,KRISHNA HEALTH CARE,20.2961831,85.8737365
33723.0,Kalinga Pharmatech,80125376.0,"CLINIC & CURE PHARMA,PALASUNI",20.2961942,85.8649266
33723.0,Kalinga Pharmatech,80124863.0,AMRIT MEDICINES,20.2963685,85.8352019
33723.0,Kalinga Pharmatech,1665.0,REGIONAL MEDICOS,20.296624,85.87021695
33723.0,Kalinga Pharmatech,2364.0,QUICKMED PLUS,20.2966381,85.8739558
33723.0,Kalinga Pharmatech,1066.0,MAA PARBATI MEDICARE,20.2969112,85.8634599
33723.0,Kalinga Pharmatech,80124171.0,PANDA MEDICINE STORE,20.2986983,85.8956063
33723.0,Kalinga Pharmatech,2751.0,KHULANA MEDICOSE,20.29889225,85.8677684
33723.0,Kalinga Pharmatech,80124967.0,JANAKALYAN MEDICINE STORE,20.29948195,85.85268085
33723.0,Kalinga Pharmatech,1111.0,SAHOO MEDICINE,20.29966855,85.86934665
33723.0,Kalinga Pharmatech,1762.0,JAGANNATH MEDICINES,20.2999542,85.8793845
33723.0,Kalinga Pharmatech,80124255.0,SUBUDHI MEDICAL STORE,20.29996545,85.8761638
33723.0,Kalinga Pharmatech,80124869.0,PANDA HEALTH CARE,20.3000732,85.7806554
33723.0,Kalinga Pharmatech,80124332.0,NIRAMAYA MEDICAL STORE,20.3000745,85.7926014
33723.0,Kalinga Pharmatech,2755.0,MAHADEV DRUG HOUSE,20.300296,85.8721616
33723.0,Kalinga Pharmatech,80125046.0,SUPRAVA MEDICARE,20.3003991,85.8738368
33723.0,Kalinga Pharmatech,80125167.0,MANGARAJ MEDICAL STORE,20.30132395,85.91288825
33723.0,Kalinga Pharmatech,80125922.0,RAJESH MEDICINE STORE(MANCHESWAR),20.30280445,85.8905661
33723.0,Kalinga Pharmatech,80125680.0,MEDI WANTS(PALASUNI),20.3030582,85.8827276
33723.0,Kalinga Pharmatech,1075.0,THE MOTHER PHARMA,20.303836,85.8711567
33723.0,Kalinga Pharmatech,80124130.0,MAA MANGALA MEDICINE STORE,20.303941,85.8877969
33723.0,Kalinga Pharmatech,80124127.0,MANASI MEDICINES,20.3048084,85.8801934
33723.0,Kalinga Pharmatech,1091.0,MAHADEV MEDICAL HALL,20.3048543,85.8823505
33723.0,Kalinga Pharmatech,1169.0,CLINICURE,20.30489045,85.88284195
33723.0,Kalinga Pharmatech,80124129.0,PRIYANSHI MEDICINES,20.3054989,85.86563985
33723.0,Kalinga Pharmatech,1071.0,MADANI DRUG HOUSE,20.3054989,85.8711762
33723.0,Kalinga Pharmatech,80125650.0,RASHMI MEDICAL STORE,20.3054989,85.8738286
33723.0,Kalinga Pharmatech,3313.0,AMMA BHAGABAN MEDICINE STORE,20.3054989,85.87392775
33723.0,Kalinga Pharmatech,80124484.0,MED D PHARMA,20.3054989,85.8801916
33723.0,Kalinga Pharmatech,80124120.0,LIFE PLUS PHARMA,20.3054989,85.8821204
33723.0,Kalinga Pharmatech,80126353.0,PRADHAN MANTRI BHARTIYA JANAUSHADHI KENDRA,20.3058706,85.8649523
33723.0,Kalinga Pharmatech,1374.0,EUPHONY HEALTH CARE,20.3059,85.8844473
33723.0,Kalinga Pharmatech,1368.0,SOMANATH MEDICINE STORE,20.3063509,85.8868379
33723.0,Kalinga Pharmatech,80125969.0,HEALTHLIFE MEDICINE STORE,20.30642795,85.87769425
33723.0,Kalinga Pharmatech,1256.0,LIFELINE MEDICINE STORE (P),20.3066138,85.8826821
33723.0,Kalinga Pharmatech,1980.0,MAA TARINI MEDICINE STORE,20.3069417,85.8771723
33723.0,Kalinga Pharmatech,2524.0,SAISHREE MEDICAL HALL,20.3075456,85.8849547
33723.0,Kalinga Pharmatech,80126258.0,MAA JAGULAI DRUG HOUSE,20.30755,85.8848905
33723.0,Kalinga Pharmatech,1500.0,ANNAPURNNA MEDICINE STORE,20.3075564,85.8743694
33723.0,Kalinga Pharmatech,1321.0,BIRANCHI MEDICAL STORE,20.3075575,85.8700001
33723.0,Kalinga Pharmatech,2483.0,MEDILINK HEALTH CARE,20.30756915,85.8824125
33723.0,Kalinga Pharmatech,80124072.0,ARADHYA DRUG HOUSE,20.3075744,85.8852396
33723.0,Kalinga Pharmatech,80125014.0,SHREE MEDICOS,20.307596,85.8852043
33723.0,Kalinga Pharmatech,80124165.0,JYOSHNA MEDIPOINT,20.30761845,85.8833215
33723.0,Kalinga Pharmatech,80125599.0,WELLNESS PHARMA,20.3088351,85.8832828
33723.0,Kalinga Pharmatech,80125808.0,SAI AROGYAM PLUS,20.3088785,85.88476005
33723.0,Kalinga Pharmatech,80124132.0,AYUSHMAN MEDICINE STORE,20.309028,85.870687
33723.0,Kalinga Pharmatech,80125814.0,SANTOSHI MEDICAL STORE,20.3090981,85.88265755
33723.0,Kalinga Pharmatech,80124006.0,SHRI KRISHNA MEDICAL HALL,20.3091534,85.8822322
33723.0,Kalinga Pharmatech,2580.0,AROGYA MITRA,20.309173,85.8707106
33723.0,Kalinga Pharmatech,1268.0,EUGENIC HEALTH CARE,20.3091899,85.8831834
33723.0,Kalinga Pharmatech,2526.0,OMM AROGYAM PHARMA,20.30924715,85.8824132
33723.0,Kalinga Pharmatech,2520.0,ADITYA DRUG HOUSE,20.3092667,85.8666992
33723.0,Kalinga Pharmatech,2349.0,PRAKASH MEDICINE STORE,20.30943595,85.8916086
33723.0,Kalinga Pharmatech,80124128.0,SAI SANJEEBANI MEDICINE STORE,20.3095562,85.8826873
33723.0,Kalinga Pharmatech,2454.0,PRAVATI MEDICINE STORE,20.3098737,86.0076081
33723.0,Kalinga Pharmatech,80124032.0,MAA SARALA MEDICINE,20.3099133,85.8852396
33723.0,Kalinga Pharmatech,80125435.0,SHIFA MEDICINE STORE,20.31026275,85.86987395
33723.0,Kalinga Pharmatech,1921.0,SAI SRADHA MEDICINE STORE,20.3103937,85.8842757
33723.0,Kalinga Pharmatech,80125564.0,MEDITECH PHARMACY,20.3104278,85.8833215
33723.0,Kalinga Pharmatech,1015.0,MAHAVEER MEDICAL STORE,20.3104361,85.8852396
33723.0,Kalinga Pharmatech,1974.0,DURGA MEDICINE STORE,20.3106708,85.8703826
33723.0,Kalinga Pharmatech,1816.0,MAA TARINI MEDICINE STORE,20.31068025,85.87058205
33723.0,Kalinga Pharmatech,1304.0,MAA MEDICINE STORE,20.31088595,85.89134585
33723.0,Kalinga Pharmatech,80124594.0,OMM SHREE PHARMA,20.3109716,85.8858789
33723.0,Kalinga Pharmatech,1425.0,M/S KHARAKHAI MEDICINE STORE,20.3109761,85.88326305
33723.0,Kalinga Pharmatech,1263.0,UTKAL PHARMACITUCALS,20.3109997,85.88529485
33723.0,Kalinga Pharmatech,80124106.0,EUGENICS PHARMACEUTICALS,20.3123093,85.8858789
33723.0,Kalinga Pharmatech,80124210.0,KUMAR MEDICAL STORE,20.31256165,85.88444035
33723.0,Kalinga Pharmatech,80124511.0,KUNTALA MEDICAL STORE,20.3126809,85.8824081
33723.0,Kalinga Pharmatech,1879.0,SHREE SAIKRUPA MEDICINE STORE,20.3128326,85.8292658
33723.0,Kalinga Pharmatech,80124031.0,VISWAKARMA PHARMA,20.3133568,85.8830018
33723.0,Kalinga Pharmatech,2571.0,MAA TARA MEDICAL STORE,20.3133643,85.8833215
33723.0,Kalinga Pharmatech,1797.0,PANCHAMUKHI MEDICAL STORE,20.3134486,85.8822317
33723.0,Kalinga Pharmatech,2533.0,MAA UGALAMANI MEDICINE STORE,20.3135769,85.8823907
33723.0,Kalinga Pharmatech,3250.0,SMRUTI DRUG HOUSE,20.313601,85.8823682
33723.0,Kalinga Pharmatech,80124156.0,SARALA MEDICINE STORE,20.3145316,85.8266738
33723.0,Kalinga Pharmatech,80124232.0,FAST HEAL PHARMA CARE,20.3157159,85.89240225
33723.0,Kalinga Pharmatech,80124926.0,ASHIRBAD MEDICINE STORE,20.31581835,85.8831561
33723.0,Kalinga Pharmatech,2935.0,SURYA MEDICAL STORE,20.3173489,85.92788435
33723.0,Kalinga Pharmatech,80125175.0,LIVEWELL PHARMA,20.3178391,85.8829994
33723.0,Kalinga Pharmatech,80126039.0,SIMA MEDICINE STORE,20.3181506,85.9378857
33723.0,Kalinga Pharmatech,1428.0,JASMIN MEDICINE STORE,20.31815555,85.88462495
33723.0,Kalinga Pharmatech,2705.0,BINAYAK MEDICINES,20.31978245,85.8276443
33723.0,Kalinga Pharmatech,1351.0,HANUMAN MEDICINE STORE,20.31995165,85.8865183
33723.0,Kalinga Pharmatech,1298.0,ADITYA DRUG HOUSE,20.3200342,85.8829808
33723.0,Kalinga Pharmatech,2279.0,SWASTIK DRUG HOUSE,20.3201549,85.96958925
33723.0,Kalinga Pharmatech,80124155.0,AYUSH MEDICINE STORE,20.3201901,85.8833594
33723.0,Kalinga Pharmatech,80125471.0,BEST CARE PHARMA CHEMIST &DRUGIST,20.3211699,85.8307791
33723.0,Kalinga Pharmatech,80125546.0,NANITA MEDINOVA PHARMA,20.32238165,85.8440573
33723.0,Kalinga Pharmatech,80124301.0,PRAYASH MEDICAL STORE,20.3224395,85.87340035
33723.0,Kalinga Pharmatech,80126161.0,ODYSSEY PHARMA,20.32363585,85.8215627
33723.0,Kalinga Pharmatech,80124900.0,ANJALI PHARMA,20.32441055,85.86155585
33723.0,Kalinga Pharmatech,3332.0,CHANDAN MEDICINE STORE,20.3245317,85.81425585
33723.0,Kalinga Pharmatech,2655.0,NAYANA MEDICINE STORE,20.3255248,85.8187774
33723.0,Kalinga Pharmatech,,,20.32553315,85.86303415
33723.0,Kalinga Pharmatech,1095.0,TARA CARE,20.3255457,85.8187858
33723.0,Kalinga Pharmatech,2707.0,SAINATH MEDICINE STORE,20.3255611,85.8187675
33723.0,Kalinga Pharmatech,80125024.0,AYUSH PLUS HEALTH PVT LTD,20.3256296,85.83031005
33723.0,Kalinga Pharmatech,80125841.0,KHUSI DRUG HOUSE,20.3256748,85.8187755
33723.0,Kalinga Pharmatech,80126398.0,ADITYA PHARMA,20.3257382,85.8837573
33723.0,Kalinga Pharmatech,80125089.0,CUREPLUS PHARMA PRIVATE LIMITED,20.3265406,85.8199286
33723.0,Kalinga Pharmatech,1037.0,GOOD LIFE DRUG HOUSE,20.3265769,85.81987645
33723.0,Kalinga Pharmatech,1142.0,RAJ PHARMA,20.326954,85.8096449
33723.0,Kalinga Pharmatech,80124938.0,SINGH MEDICAL STORE,20.3270654,86.0887464
33723.0,Kalinga Pharmatech,80124912.0,BABA DRUG HOUSE,20.3275143,86.0872055
33723.0,Kalinga Pharmatech,80125533.0,AMBIKA MEDICINES,20.3276692,86.0874894
33723.0,Kalinga Pharmatech,80124935.0,ARATI DRUG HOUSE,20.328339,86.0830638
33723.0,Kalinga Pharmatech,1997.0,SHREE JAGANNATH MEDICINE STORE,20.3291954,85.8218723
33723.0,Kalinga Pharmatech,2499.0,DURGA MEDICAL STORE,20.3292122,85.8103812
33723.0,Kalinga Pharmatech,2601.0,KRISHNA MEDICINE STORE,20.3299002,85.8222752
33723.0,Kalinga Pharmatech,2703.0,MEDLIFE PHARMA,20.33022465,85.80895895
33723.0,Kalinga Pharmatech,1564.0,CLASSIC MEDICAL STORE,20.330914,85.85147085
33723.0,Kalinga Pharmatech,80126051.0,MEDI POINT(JAGATSINGHPUR),20.3330148,86.0719164
33723.0,Kalinga Pharmatech,2437.0,FIRST CARE PHARMA,20.3334197,85.8526921
33723.0,Kalinga Pharmatech,80125648.0,MAA DRUG HOUSE,20.33393715,85.8137842
33723.0,Kalinga Pharmatech,80125417.0,BHUBANESWAR SUPER SPECIALITY MEDICARE,20.33394685,85.84680855
33723.0,Kalinga Pharmatech,1645.0,DARUBRAHMA DRUG HOUSE,20.33403495,85.8999427
33723.0,Kalinga Pharmatech,80124535.0,MAHAVEER DRUG HOUSE,20.33407505,85.9037303
33723.0,Kalinga Pharmatech,80124908.0,JAY JAGANNATH MED STORE,20.3344271,86.07319035
33723.0,Kalinga Pharmatech,80124208.0,CHANDAN DRUGS,20.3344934,85.8335188
33723.0,Kalinga Pharmatech,2487.0,NILACHALA MEDI POINT,20.3347475,85.8181191
33723.0,Kalinga Pharmatech,80124616.0,SAI SANJIBANI MEDICINE STORE,20.3347477,85.8853083
33723.0,Kalinga Pharmatech,80124246.0,PRATEEK MEDICINE STORE,20.33486355,85.8150179
33723.0,Kalinga Pharmatech,80124029.0,NIKHIRESWAR SANJEEBANI MEDICARE,20.3363422,85.83501925
33723.0,Kalinga Pharmatech,1076.0,SASMITA DRUG HOUSE,20.3364376,85.811657
33723.0,Kalinga Pharmatech,1196.0,MEDICURE MEDICINES,20.33652,85.95378525
33723.0,Kalinga Pharmatech,1765.0,ANANT BALIA DRUG HOUSE,20.3379256,85.826693
33723.0,Kalinga Pharmatech,80124898.0,SHIBASHAKTI MEDICINE STORE,20.3379534,86.0539691
33723.0,Kalinga Pharmatech,1751.0,MAA DURGA MEDICAL HALL,20.34216755,85.82671595
33723.0,Kalinga Pharmatech,1056.0,SAI SNEHA MEDICINE STORE,20.3423932,85.8228188
33723.0,Kalinga Pharmatech,1739.0,SAIRAM MEDICINE STORE,20.3427823,85.8251448
33723.0,Kalinga Pharmatech,80124167.0,KALYANI MEDICAL HALL,20.3439231,85.8868509
33723.0,Kalinga Pharmatech,2581.0,SWOSTI MEDICAL,20.34408095,85.8903468
33723.0,Kalinga Pharmatech,80126172.0,SS MED HUB,20.3442121,85.8266855
33723.0,Kalinga Pharmatech,80124181.0,DAS & DAS MEDICAL STORE,20.34575895,85.88629555
33723.0,Kalinga Pharmatech,80126303.0,SANJAY PHARMACEUTICALS,20.3459672,85.8834447
33723.0,Kalinga Pharmatech,80124355.0,EUPHONY HEALTH CARE(PAHAL),20.3459805,85.8836152
33723.0,Kalinga Pharmatech,80125837.0,MAHAVEER PHARMA,20.3461289,85.8929544
33723.0,Kalinga Pharmatech,2359.0,GAGUN DRUG HOUSE,20.3461835,85.9040972
33723.0,Kalinga Pharmatech,80124338.0,MAA LAXMI DRUG HOUSE,20.3468993,85.8244792
33723.0,Kalinga Pharmatech,80124257.0,SAI RAM DRUG HOUSE,20.34689975,85.82238005
33723.0,Kalinga Pharmatech,80123989.0,PHOENIX DRUG HOUSE,20.3471712,85.8145501
33723.0,Kalinga Pharmatech,2340.0,MEENA MEDICINE STORE,20.3472761,85.9031385
33723.0,Kalinga Pharmatech,80126231.0,KRISHMITHA MEDICINES,20.3472761,85.9031385
33723.0,Kalinga Pharmatech,80125674.0,MAA DAKHINAKALI MEDICAL STORE,20.3483538,85.9015407
33723.0,Kalinga Pharmatech,80125605.0,SHREE JAGANNATH PHARMA,20.3483658,85.84444905
33723.0,Kalinga Pharmatech,80124177.0,MJ MEDICINE HOUSE,20.34846015,85.8274186
33723.0,Kalinga Pharmatech,80124292.0,KADAMBINI DRUG HOUSE,20.3489647,85.82559555
33723.0,Kalinga Pharmatech,2940.0,SANJUKTA MEDICINE STORE,20.3495096,85.8182886
33723.0,Kalinga Pharmatech,80124297.0,ANINDITA MEDICINES STORE,20.3496326,85.8358499
33723.0,Kalinga Pharmatech,80125355.0,KHUSI  MEDICINE STORE,20.3496519,85.8252953
33723.0,Kalinga Pharmatech,1647.0,SWASTI MEDICINE STORE,20.3499198,85.8407746
33723.0,Kalinga Pharmatech,2656.0,SWASTIK MEDICINE STORE,20.3505537,85.8187273
33723.0,Kalinga Pharmatech,1035.0,PRAPANNA MEDICINE STORE,20.35057915,85.8264233
33723.0,Kalinga Pharmatech,2448.0,MAHABIR MEDICINES,20.3506038,85.8865183
33723.0,Kalinga Pharmatech,80125491.0,MAHABIR MEDICINE STORE(J.S PUR),20.3511566,86.0472545
33723.0,Kalinga Pharmatech,3131.0,TASS MEDICARE,20.3512822,85.8996231
33723.0,Kalinga Pharmatech,2419.0,ADITYA PHARMACEUTICAL,20.35235005,85.8878328
33723.0,Kalinga Pharmatech,80124057.0,SAI SANKAR MEDICINE STORE,20.3523577,85.8878782
33723.0,Kalinga Pharmatech,80125165.0,BINI MEDICAL STORE,20.3523637,85.8878833
33723.0,Kalinga Pharmatech,2439.0,ADITYA PHARMA CARE,20.3523702,85.8879012
33723.0,Kalinga Pharmatech,2823.0,SURYA PHARMA,20.3523704,85.8878938
33723.0,Kalinga Pharmatech,80124399.0,MUTHU PHARMA PRIVATE LIMITED,20.3524341,85.8879191
33723.0,Kalinga Pharmatech,80125883.0,SHREE JAGANNATH MEDICINE STORE(JAJPUR),20.3524352,85.8879593
33723.0,Kalinga Pharmatech,80126102.0,SRI RADHA MEDICAL HALL,20.3524386,85.8879589
33723.0,Kalinga Pharmatech,80123981.0,M/S MED SANJEEVANI,20.35245355,85.83203075
33723.0,Kalinga Pharmatech,80124379.0,LAXMI MEDICAL STORE,20.3524881,85.8878653
33723.0,Kalinga Pharmatech,80124921.0,URMILA MEDICINE STORE,20.352554,86.0416471
33723.0,Kalinga Pharmatech,80125797.0,MAA TARINI MEDICINE STORE(JAJPUR),20.3525721,85.8878535
33723.0,Kalinga Pharmatech,80125598.0,SHREE JAGANNATH MEDICINES(CUTTACK),20.3527091,85.8970664
33723.0,Kalinga Pharmatech,80124443.0,SAILABALA MEDICINE STORE,20.35278,85.8473658
33723.0,Kalinga Pharmatech,80125744.0,SAI SWASTIK MEDICAL STORE,20.35285355,85.83726835
33723.0,Kalinga Pharmatech,80124894.0,MAHALAXMI MEDICINE STORE,20.3528858,86.0425646
33723.0,Kalinga Pharmatech,80125094.0,R K MEDIHUB (RAGHUNATHPUR),20.35308995,85.8290705
33723.0,Kalinga Pharmatech,2704.0,SHYAM SUNDER DRUG HOUSE,20.3531105,85.8221581
33723.0,Kalinga Pharmatech,3306.0,THE DOCTOR S POINT,20.3531884,85.822264
33723.0,Kalinga Pharmatech,2936.0,RAGHUNATH MEDICOZ,20.3532142,85.8222915
33723.0,Kalinga Pharmatech,2465.0,R K MEDICINE STORE,20.353215,85.8222779
33723.0,Kalinga Pharmatech,2201.0,SREE GANESH MEDICINE STORE,20.3532191,85.8223639
33723.0,Kalinga Pharmatech,1226.0,SWAYAMPRAJNA MEDICINE,20.3532271,85.8223817
33723.0,Kalinga Pharmatech,80125548.0,SAI MEDICINE STORE,20.3532988,85.82206775
33723.0,Kalinga Pharmatech,80125416.0,MAA MEDICINE STORE,20.3532988,85.8222675
33723.0,Kalinga Pharmatech,80124991.0,SARASWATI MEDICAL STORE,20.3533341,85.82209135
33723.0,Kalinga Pharmatech,2218.0,MAHIMA MEDICINES,20.35336655,85.89130105
33723.0,Kalinga Pharmatech,1277.0,SAI PHARMA,20.3534658,85.82823515
33723.0,Kalinga Pharmatech,80125145.0,MEDINEXT HEALTHCARE,20.3534782,85.8975353
33723.0,Kalinga Pharmatech,80124179.0,SHREE LAXMI NRUSINGHA MEDICINE,20.3535811,85.82161205
33723.0,Kalinga Pharmatech,80124237.0,MOON DRUG HOUSE,20.3536083,85.8957879
33723.0,Kalinga Pharmatech,2535.0,DURGA DEVI MEDIPOINT,20.3541882,85.8885682
33723.0,Kalinga Pharmatech,80126151.0,PRADHAN DRUG HOUSE,20.35521145,85.8285215
33723.0,Kalinga Pharmatech,80126233.0,NIRANJAN MEDICAL STORE,20.355303,85.82234435
33723.0,Kalinga Pharmatech,80126388.0,MAA AMBIKA PHARMACEUTICAL,20.3553988,86.0264545
33723.0,Kalinga Pharmatech,80124264.0,DISHA MEDICARE,20.35560285,85.81858055
33723.0,Kalinga Pharmatech,80126073.0,NANDINI MEDICINE STORE,20.3557245,85.829895
33723.0,Kalinga Pharmatech,80124452.0,M R PHARMA,20.3557787,85.82436425
33723.0,Kalinga Pharmatech,80126227.0,BINAYAK MEDICINE STORE,20.3571166,85.8948291
33723.0,Kalinga Pharmatech,1172.0,D HEALTH LEAF,20.35848745,85.82895835
33723.0,Kalinga Pharmatech,80124059.0,SARASWATI DRUG HOUSE,20.3592025,85.8931183
33723.0,Kalinga Pharmatech,2531.0,CHAKADOLA MEDICINE STORE,20.3592283,85.88836695
33723.0,Kalinga Pharmatech,80124239.0,LAXMINARAYAN MEDICINE STORE,20.3592568,85.8900345
33723.0,Kalinga Pharmatech,80124983.0,MAA MEDI CLINS,20.36126,86.0608971
33723.0,Kalinga Pharmatech,80124055.0,SHREE JAGANNATH DRUG HOUSE,20.3623293,85.8908342
33723.0,Kalinga Pharmatech,2385.0,SMRUTI DRUG HOUSE,20.3623737,85.8908477
33723.0,Kalinga Pharmatech,2894.0,MAA SARALA DRUGS POINT,20.36288625,85.8888552
33723.0,Kalinga Pharmatech,80125570.0,SAI MEDICINE STORE(NAKHARA),20.36397745,85.8914943
33723.0,Kalinga Pharmatech,80124980.0,RAPIDD CURE MEDICINE STORE,20.3659392,85.8906738
33723.0,Kalinga Pharmatech,80124245.0,M/S TARINI DRUG HOUSE,20.3659392,85.8906738
33723.0,Kalinga Pharmatech,80125022.0,SAI MEDICINE,20.3659392,85.8906738
33723.0,Kalinga Pharmatech,80125738.0,MEDLIVE PHARMA,20.3659392,85.8906738
33723.0,Kalinga Pharmatech,2566.0,BHUASUNI MEDICAL HALL,20.3661859,85.8938735
33723.0,Kalinga Pharmatech,80125489.0,SHREE JAGANNATH MEDICAL STORE(J.SPUR),20.3673575,86.00619635
33723.0,Kalinga Pharmatech,2838.0,THE MEDICINE POINT,20.3674796,85.9730773
33723.0,Kalinga Pharmatech,80125927.0,M/S IPSITA MEDICINE STORE,20.368268,86.00633465
33723.0,Kalinga Pharmatech,80126291.0,SWASTIK MEDICINE STORE,20.3689046,86.076542
33723.0,Kalinga Pharmatech,3057.0,PRAGATI MEDICAL STORE,20.3694716,85.9378854
33723.0,Kalinga Pharmatech,1970.0,SHREE DURGA MEDICINE STORE,20.3694716,85.9673324
33723.0,Kalinga Pharmatech,1020.0,SURYA KIRAN MEDICINE STORE,20.3694716,86.0770127
33723.0,Kalinga Pharmatech,2263.0,LIFE PLUS,20.3694716,86.0773312
33723.0,Kalinga Pharmatech,80126264.0,SANJIBANEE MEDICINE STORE,20.3696539,86.07717195
33723.0,Kalinga Pharmatech,2321.0,DHRIPIDIP MEDIMART,20.3696539,86.07717195
33723.0,Kalinga Pharmatech,3330.0,LIFE PLUS,20.3696539,86.07717195
33723.0,Kalinga Pharmatech,2362.0,RASHMI MEDICAL STORE,20.3696539,86.07717195
33723.0,Kalinga Pharmatech,80124340.0,MAA MEDICINE STORE,20.3698362,86.0770127
33723.0,Kalinga Pharmatech,1913.0,SAIKRUPA MEDICINE STORE,20.3698362,86.0770127
33723.0,Kalinga Pharmatech,1662.0,CAPITAL CARE & CURE,20.3701937,86.0763757
33723.0,Kalinga Pharmatech,80125925.0,KAMALA MEDICAL HALL(BRAHMESWAR),20.37171265,86.0778089
33723.0,Kalinga Pharmatech,80126160.0,SHREE GURU MEDICINE STORE,20.3722499,85.8912565
33723.0,Kalinga Pharmatech,80124279.0,SIVA MEDICINES,20.3765791,85.8270357
33723.0,Kalinga Pharmatech,2311.0,KONARK MEDICAL HALL,20.3769362,85.8685976
33723.0,Kalinga Pharmatech,80124397.0,"D.C. AGENCIES PRIVATE LIMITED, MAYAPURI",20.37742015,85.88432405
33723.0,Kalinga Pharmatech,2529.0,TILOTAMMA HEALTH POINT POLY CLINIC,20.3775173,85.8774945
33723.0,Kalinga Pharmatech,80126111.0,SAIRAM MEDICINE STORE,20.3782865,86.00394835
33723.0,Kalinga Pharmatech,2298.0,MOHAVIR MEDICAL STORE,20.3825021,85.8996231
33723.0,Kalinga Pharmatech,3076.0,SAI MEDICINE STORE,20.3825227,85.9671352
33723.0,Kalinga Pharmatech,2565.0,MAA SARALA MEDICAL STORE,20.3829999,85.9650049
33723.0,Kalinga Pharmatech,80125941.0,BABA LOKANATH MEDICINE STORE(SALIPUR),20.38327195,86.023369
33723.0,Kalinga Pharmatech,80125501.0,PARBATI DRUG HOUSE,20.38332175,85.9651519
33723.0,Kalinga Pharmatech,80125974.0,DIBYASHAKTI MEDICINE STORE,20.3833504,85.9655095
33723.0,Kalinga Pharmatech,80125943.0,MAA MEDICINES(SALIPUR),20.3833798,85.9653268
33723.0,Kalinga Pharmatech,80124906.0,ASTASAMBHU MEDICINE STORE,20.3833819,86.0425644
33723.0,Kalinga Pharmatech,80126074.0,SIDHESWAR MEDICINE STORE,20.3833868,85.96519705
33723.0,Kalinga Pharmatech,80124943.0,NIRMALYA MEDICINE STORE,20.3833889,85.9651946
33723.0,Kalinga Pharmatech,2787.0,SHREE GOPINATH MEDICINE STORE,20.3833919,85.9652187
33723.0,Kalinga Pharmatech,80125169.0,KALPANA PHARMACEUTICALS,20.38339855,85.96522725
33723.0,Kalinga Pharmatech,80125928.0,MAA BUDHIANI MEDICINE STORE,20.3834147,85.9652616
33723.0,Kalinga Pharmatech,80125490.0,SHIFA MEDICINE STORE(J.S PUR),20.3834148,85.9651
33723.0,Kalinga Pharmatech,80125499.0,BARABATI MEDICINE STORE,20.3834241,85.9651392
33723.0,Kalinga Pharmatech,80125554.0,MAA SANTOSHI MEDICAL HALL,20.38342435,85.96521475
33723.0,Kalinga Pharmatech,80124895.0,SHANTI MEDICAL STORE,20.38344205,85.9650031
33723.0,Kalinga Pharmatech,80125488.0,SAHANI MEDICINE STORE,20.38347145,85.96526125
33723.0,Kalinga Pharmatech,80125936.0,BEST CARE MEDICINE STORE(SALIPUR),20.38347865,86.0452154
33723.0,Kalinga Pharmatech,80125652.0,MAA DURGA MEDICINE STORE(SALIPUR),20.3835006,85.9651229
33723.0,Kalinga Pharmatech,80124989.0,YASOBANTA MEDICAL STORE,20.3835223,85.9651973
33723.0,Kalinga Pharmatech,80125588.0,JAGANNATH MEDICAL STORE(SALIPUR),20.3835251,85.9651707
33723.0,Kalinga Pharmatech,80125821.0,MAA MEDICINE STORE(SALIPUR),20.3835388,85.965173
33723.0,Kalinga Pharmatech,80124979.0,TARINI MEDICINE STORE,20.3835418,85.9651294
33723.0,Kalinga Pharmatech,80124904.0,SHREE JAGANNATH MED. STORE,20.3835943,85.9651268
33723.0,Kalinga Pharmatech,80126447.0,JAYAGURU MEDICINE STORE(SALIPUR),20.3836083,85.9653003
33723.0,Kalinga Pharmatech,3001.0,MAA LAXMI MEDICINE STORE,20.3836226,85.9004931
33723.0,Kalinga Pharmatech,80125737.0,SMRUTI MEDICINE STORE,20.3836418,85.96362875
33723.0,Kalinga Pharmatech,80125486.0,MAA MEDICINE STORE(JAGATSINGHPUR),20.3836459,85.9652548
33723.0,Kalinga Pharmatech,80125487.0,MAA DURGA MEDICAL HALL(JAGATSINGHPUR),20.3836822,85.9636901
33723.0,Kalinga Pharmatech,80126448.0,SREEMA MEDICINE STORE(SALIPUR),20.3837759,85.9653552
33723.0,Kalinga Pharmatech,80126336.0,SUBHASIS DRUG HOUSE,20.3839561,85.9622254
33723.0,Kalinga Pharmatech,80125469.0,CHHAYARANI MEDICARE,20.3839561,85.9652012
33723.0,Kalinga Pharmatech,80124957.0,SATYA SAI MEDICAL STORE,20.3839561,85.9653117
33723.0,Kalinga Pharmatech,3049.0,OMM MAX MEDI ASSIST,20.38419005,85.9764928
33723.0,Kalinga Pharmatech,80125591.0,KUSUMA MEDICARE,20.3842767,85.9656529
33723.0,Kalinga Pharmatech,2442.0,DEVI AUSADHALYA,20.3843904,85.9009015
33723.0,Kalinga Pharmatech,2563.0,NEW SRI JAGANNATH MEDICINE STORE,20.38534075,85.9633907
33723.0,Kalinga Pharmatech,80126290.0,SOVA MEDICAL STORE,20.3853408,85.8938702
33723.0,Kalinga Pharmatech,80125884.0,MAHIMA MEDICINES(SALIPUR),20.38538625,85.96523805
33723.0,Kalinga Pharmatech,80125020.0,E C AGENCIES GOA,20.3854247,85.7698789
33723.0,Kalinga Pharmatech,2372.0,SASHIREKHA MEDICINES,20.3857631,85.9599909
33723.0,Kalinga Pharmatech,3258.0,MAA SANTOSHI PHARMACEUTICAL,20.3857704,85.9603101
33723.0,Kalinga Pharmatech,80124806.0,RAJ MEDICAL,20.38648865,85.888492
33723.0,Kalinga Pharmatech,80124362.0,RAMADEVI DRUG HOUSE,20.38671645,85.89706625
33723.0,Kalinga Pharmatech,80125586.0,NARAYAN MEDICINE STORE(CUTTACK),20.3869297,85.961587
33723.0,Kalinga Pharmatech,80124394.0,DHANWANTARI MEDICINE,20.3870194,85.8883405
33723.0,Kalinga Pharmatech,80124510.0,POOJA MEDICAL,20.3870266,85.8870147
33723.0,Kalinga Pharmatech,2248.0,ULTRA MEDICINE STORE,20.387247,85.936161
33723.0,Kalinga Pharmatech,2996.0,B.D MEDICINES,20.3873339,85.8993036
33723.0,Kalinga Pharmatech,2634.0,DATO MEDICINE STORE,20.3873971,85.8869391
33723.0,Kalinga Pharmatech,2736.0,BISWAL MEDICINE STORE,20.3876606,85.89770545
33723.0,Kalinga Pharmatech,80124617.0,SITARAM MEDICINE STORE,20.38844145,85.89930355
33723.0,Kalinga Pharmatech,80126235.0,LAXMI DRUG HOUSE,20.3895602,85.89946335
33723.0,Kalinga Pharmatech,2238.0,SAI CURE MEDICINE STORE,20.3904528,85.9088896
33723.0,Kalinga Pharmatech,2876.0,DAMODAR MEDICINE STORE,20.3910731,85.9005819
33723.0,Kalinga Pharmatech,80124625.0,MAA DURGA MEDICINE STORE,20.3910731,85.9005819
33723.0,Kalinga Pharmatech,2451.0,SRIYANKA MEDICARE,20.39140955,85.8911512
33723.0,Kalinga Pharmatech,2337.0,DEVI MEDICINE STORE,20.3914373,85.9002623
33723.0,Kalinga Pharmatech,80124016.0,SAI MEDICINE STORE,20.3916231,85.9002623
33723.0,Kalinga Pharmatech,2358.0,CARCINOVA CANCER HOSPITAL,20.3917865,85.8993036
33723.0,Kalinga Pharmatech,2747.0,DAS MEDICINE CENTRE,20.3917865,85.9002623
33723.0,Kalinga Pharmatech,2410.0,LOKNATH MEDICINE STORE,20.3918089,85.9002623
33723.0,Kalinga Pharmatech,2534.0,SUDARSAN MEDICAL STORE,20.392289,85.88108335
33723.0,Kalinga Pharmatech,80126228.0,JANASEVA MEDICAL STORE,20.3924493,85.972439
33723.0,Kalinga Pharmatech,2394.0,VISHAL MEDICINE STORE,20.3924786,85.8812432
33723.0,Kalinga Pharmatech,2489.0,SNR MEDICINE STORE,20.3924786,85.8812432
33723.0,Kalinga Pharmatech,2490.0,SUBHASH DRUG HOUSE,20.3924786,85.8812432
33723.0,Kalinga Pharmatech,80124241.0,DISHA MEDICINE STORE,20.39276965,85.9737152
33723.0,Kalinga Pharmatech,80124986.0,JYOTI ENTERPRISES,20.3928579,85.93746765
33723.0,Kalinga Pharmatech,2429.0,SIFA MEDICINE STORE,20.3928626,85.88971315
33723.0,Kalinga Pharmatech,2409.0,YASHIKA MEDICINE STORE,20.3928626,85.88971315
33723.0,Kalinga Pharmatech,2434.0,THE FARMACIA,20.39321935,85.889074
33723.0,Kalinga Pharmatech,2296.0,JAY JAGANNTH REMIDES,20.393619,85.8919524
33723.0,Kalinga Pharmatech,80124143.0,CHIKITSHA DRUGS,20.393619,85.9009015
33723.0,Kalinga Pharmatech,2370.0,RADHAMOHAN DRUG HOUSE,20.39378805,85.8895533
33723.0,Kalinga Pharmatech,2377.0,OMM PHARMACEUTICAL,20.39378805,85.8895533
33723.0,Kalinga Pharmatech,2427.0,SHREE KRISHNA MEDICINE STORE,20.39378805,85.8895533
33723.0,Kalinga Pharmatech,2430.0,PURUSOTAM AUSADHALAYA,20.39378805,85.8895533
33723.0,Kalinga Pharmatech,2525.0,PUJA MEDICINE STORE,20.39378805,85.8895533
33723.0,Kalinga Pharmatech,2224.0,SHREE BHAGYALAXMI MEDICINES,20.39378805,85.8895533
33723.0,Kalinga Pharmatech,80124548.0,CHANDAN MEDICINE STORE,20.3938774,85.9698858
33723.0,Kalinga Pharmatech,80126049.0,PRADHAN MANTRI BHARATIYA JANA AUSHADHI KENDRA(CTC),20.3939141,85.9749921
33723.0,Kalinga Pharmatech,2210.0,NIHAR MEDICINE STORE,20.3941448,85.88891415
33723.0,Kalinga Pharmatech,2973.0,BHAJAGOBINDA MEDICAL STORE,20.3941942,85.9548831
33723.0,Kalinga Pharmatech,2860.0,DIVINE PLUS MEDICINE STORE,20.39429495,85.9706837
33723.0,Kalinga Pharmatech,80124291.0,SUBHASHREE PHARMS,20.394317,85.9009015
33723.0,Kalinga Pharmatech,80125983.0,OMM SAI SMRUTI MEDIPOINT,20.3943603,85.99325475
33723.0,Kalinga Pharmatech,80126157.0,PRADHAN MANTRI BHARATIYA JANAUSHADHI KENDRA,20.3946502,85.9721899
33723.0,Kalinga Pharmatech,2983.0,MAA SANTOSHI AUSHADHALAYA,20.3946502,85.974673
33723.0,Kalinga Pharmatech,80124635.0,MAA SARALA MEDICINE STORE,20.3946502,85.974673
33723.0,Kalinga Pharmatech,2865.0,SHREE SAI MEDICINE STORE,20.3946502,85.974673
33723.0,Kalinga Pharmatech,80124862.0,SRIMA MEDICINE STORE,20.3957031,85.9708433
33723.0,Kalinga Pharmatech,2229.0,SHREE RAM MEDICINES,20.39631495,85.8863574
33723.0,Kalinga Pharmatech,3079.0,DEBI MEDICAL STORE,20.3968849,85.99466515
33723.0,Kalinga Pharmatech,2877.0,SRI KRISHNA MEDICINE STORE,20.3969097,85.9759494
33723.0,Kalinga Pharmatech,2980.0,DEBI AMBIKA MEDICINE STORE,20.3975763,85.9644598
33723.0,Kalinga Pharmatech,80125166.0,WELLBEING MEDICINE STORE,20.3977484,85.9737156
33723.0,Kalinga Pharmatech,80125170.0,THE MEDICINE PO,20.3977997,85.9740347
33723.0,Kalinga Pharmatech,80126260.0,SHRADDHA PHARMA,20.3980211,85.8327859
33723.0,Kalinga Pharmatech,80125436.0,SHREE BISWABIJAYEE MEDICALS,20.3998063,85.9725985
33723.0,Kalinga Pharmatech,2553.0,MAMA MEDICALS,20.3998184,85.9658578
33723.0,Kalinga Pharmatech,80124341.0,SUBHALAXMI MEDICINE STORE,20.4003137,85.9727802
33723.0,Kalinga Pharmatech,80125964.0,ARCHANA MEDICINE STORE(GANGAPUR),20.4004246,86.0642778
33723.0,Kalinga Pharmatech,2986.0,SAI ASHRITH MEDICURE,20.4009765,85.97004535
33723.0,Kalinga Pharmatech,1551.0,LAXMI MEDICINE STORE,20.4009765,85.9730773
33723.0,Kalinga Pharmatech,2716.0,NEW CURE AIDS,20.4014848,85.964779
33723.0,Kalinga Pharmatech,80124533.0,N.S.G HEALTH CARE,20.4021869,85.9558408
33723.0,Kalinga Pharmatech,2985.0,PADMANAVA MEDICINE STORE,20.4022016,85.9689283
33723.0,Kalinga Pharmatech,80125568.0,BALAJI PHARMATECH (A UNIT OF ASCENT WELLNESS & PHA,20.4024787,85.8807615
33723.0,Kalinga Pharmatech,80125602.0,EKDANTA PHARMATECH NASHIK,20.4024787,85.8807615
33723.0,Kalinga Pharmatech,80125150.0,SEEMA MEDICAL STORE,20.4025016,85.8807639
33723.0,Kalinga Pharmatech,2574.0,MAA KALI MEDIPOINT,20.4033795,86.0183347
33723.0,Kalinga Pharmatech,80124799.0,AARUSH TIRUPATI ENTERPRISE PRIVATE LIMITED,20.40341925,85.87836235
33723.0,Kalinga Pharmatech,80126376.0,JAGATSINGHPUR MEDICINE STORE,20.4037698,85.8714916
33723.0,Kalinga Pharmatech,2492.0,OMM MEDICINES,20.4056985,85.8861986
33723.0,Kalinga Pharmatech,80126297.0,MEDIGRAMA,20.40667815,86.01600795
33723.0,Kalinga Pharmatech,80124369.0,ESHA MEDICINE STORE,20.4067631,85.85537755
33723.0,Kalinga Pharmatech,80126314.0,MAHAVEER MEDICINE STORE,20.4070188,86.01519215
33723.0,Kalinga Pharmatech,80124440.0,SAI KRUPA MEDICINE STORE,20.4070219,85.88046565
33723.0,Kalinga Pharmatech,2855.0,LAXMI NARAYAN MEDICINE STORE,20.4076833,85.9415032
33723.0,Kalinga Pharmatech,80125339.0,SUMATI MEDICINE STORE,20.4080187,85.83262695
33723.0,Kalinga Pharmatech,80125168.0,MAA BAGHEI DRUG HOUSE,20.40920025,85.8737282
33723.0,Kalinga Pharmatech,2406.0,MAA BIMALA MEDICINE STORE,20.4097628,85.8321243
33723.0,Kalinga Pharmatech,80125592.0,JAGANNATH MEDICINE STORE(CUTTACK),20.409876,85.8311859
33723.0,Kalinga Pharmatech,80124272.0,MAA SARALA  AUSHADHALAYA,20.409882,85.9469011
33723.0,Kalinga Pharmatech,2737.0,NAYAK MEDICINE STORE,20.4098897,85.9264619
33723.0,Kalinga Pharmatech,2373.0,CURE POINT,20.4099389,85.87384835
33723.0,Kalinga Pharmatech,80125348.0,NARAYAN MEDICINE STORE,20.4109292,85.9079319
33723.0,Kalinga Pharmatech,2230.0,BD PHARMACEUTICALS,20.41160145,85.87969565
33723.0,Kalinga Pharmatech,2446.0,KALYANI MEDICAL STORE,20.41160145,85.87969565
33723.0,Kalinga Pharmatech,2202.0,DIBAPRATIMA MEDICAL STORE,20.4116179,85.8797135
33723.0,Kalinga Pharmatech,2999.0,ANANYA MEDICINE STORE,20.4117024,85.93732595
33723.0,Kalinga Pharmatech,2987.0,SANJUKTA MEDICINE STORE,20.4127723,85.92444215
33723.0,Kalinga Pharmatech,2401.0,LIFELINE MEDICINE STORE,20.4134006,85.8696167
33723.0,Kalinga Pharmatech,80124633.0,DAS PHARMACEUTICALS,20.41470245,85.876518
33723.0,Kalinga Pharmatech,3080.0,ANJALI MEDICINE STORE,20.41511995,85.9430137
33723.0,Kalinga Pharmatech,80124587.0,BHAGABATI DRUG HOUSE,20.4155212,85.9210314
33723.0,Kalinga Pharmatech,80124141.0,DEVI PRASAD MEDICAL AGENCY,20.41614695,85.8991225
33723.0,Kalinga Pharmatech,2559.0,GOREKHNATH MEDICINES,20.41722425,85.87331515
33723.0,Kalinga Pharmatech,2352.0,ASHA MEDICINE STORE,20.41761975,85.9212333
33723.0,Kalinga Pharmatech,80125483.0,SANJUKTA  HEALTH CARE,20.4197936,86.08938215
33723.0,Kalinga Pharmatech,2413.0,SHREE MAA MEDICALS,20.4197951,85.9354933
33723.0,Kalinga Pharmatech,2723.0,NEW LIFE MEDICINE STORE,20.4207213,85.94143675
33723.0,Kalinga Pharmatech,2859.0,CHANDAN MEDICINE,20.4214244,85.9165797
33723.0,Kalinga Pharmatech,80124788.0,JIVAN DHARA MEDICAL HALL,20.42176515,85.94466685
33723.0,Kalinga Pharmatech,2344.0,MED EASY,20.4244812,85.88015325
33723.0,Kalinga Pharmatech,80124812.0,LAXMI AGENCY,20.4248044,85.9695666
33723.0,Kalinga Pharmatech,80125110.0,EKDANTA PHARMATECH SANGLI,20.4264126,85.8784353
33723.0,Kalinga Pharmatech,80124288.0,AMAN MEDICINE STORE,20.4273608,85.7752185
33723.0,Kalinga Pharmatech,80124180.0,JAY JAGANNATH MEDICAL STORE,20.4278938,85.89581955
33723.0,Kalinga Pharmatech,2424.0,DRUGS POINT,20.430756,85.87247145
33723.0,Kalinga Pharmatech,3004.0,DASHA MEDICINE STORE,20.43079745,85.94237145
33723.0,Kalinga Pharmatech,2729.0,MAA TARINI MEDICINE STORE - GOPALPUR,20.4311876,85.8980252
33723.0,Kalinga Pharmatech,80124592.0,NEO MEDICARE,20.4311884,85.9250244
33723.0,Kalinga Pharmatech,3000.0,AUTO PHARMACEUTICALS,20.4313345,85.8913565
33723.0,Kalinga Pharmatech,80126281.0,M/S HELP LINE DRUG HOUSE,20.4347775,85.8483423
33723.0,Kalinga Pharmatech,2464.0,MANISHA MEDICINE STORE,20.4350464,85.9197772
33723.0,Kalinga Pharmatech,3014.0,M/S BHAVNA MEDICARE,20.4363097,85.9136247
33723.0,Kalinga Pharmatech,2918.0,CURE AND CARE MEDICINE STORE,20.43679265,85.83822155
33723.0,Kalinga Pharmatech,2848.0,MAA SARALA MEDICINE STORE,20.4374768,85.8810836
33723.0,Kalinga Pharmatech,80124867.0,LUCKY MEDICINE STORE,20.4378907,85.8421816
33723.0,Kalinga Pharmatech,2292.0,JANATA MEDICINE,20.43817735,85.83919435
33723.0,Kalinga Pharmatech,2637.0,KANTI MEDICINE STORE,20.43880205,85.9550416
33723.0,Kalinga Pharmatech,2240.0,MAA DURGA MEDICINE STORE,20.4390956,85.8396113
33723.0,Kalinga Pharmatech,2449.0,PARVATI PHARMACEUTICALS,20.4403,85.8759681
33723.0,Kalinga Pharmatech,3042.0,POPULAR MEDICINES,20.4403,85.9031385
33723.0,Kalinga Pharmatech,2242.0,PARIJAT MEDICINE STORE,20.4412012,85.84453085
33723.0,Kalinga Pharmatech,2799.0,MAA SINGHBAHINI MEDICINES,20.4412899,85.9443467
33723.0,Kalinga Pharmatech,80124182.0,ARATI PHARMA-BARANGA,20.4425311,85.8401454
33723.0,Kalinga Pharmatech,3072.0,DHANWANTARY DRUGS,20.44268525,85.9076132
33723.0,Kalinga Pharmatech,80124375.0,BINAPANI MEDICINE STORE,20.4429029,85.9145649
33723.0,Kalinga Pharmatech,80125179.0,LAXMI NARAYAN MEDICINE STORE,20.4433324,85.9098115
33723.0,Kalinga Pharmatech,3073.0,MEDI POINT,20.4434536,85.9185008
33723.0,Kalinga Pharmatech,80124945.0,JAY MAHABIR MEDICINE STORE,20.4445518,85.8349944
33723.0,Kalinga Pharmatech,80124305.0,MEDISERV,20.4451739,85.911434
33723.0,Kalinga Pharmatech,80124194.0,ADITI MEDICINE,20.44537785,85.845503
33723.0,Kalinga Pharmatech,2278.0,GOREKHNATH MEDICINE STORE,20.44557645,85.8713204
33723.0,Kalinga Pharmatech,80124015.0,MEDLIFE,20.446369,85.91286095
33723.0,Kalinga Pharmatech,3002.0,JAGANNATH MEDICINE STORE,20.44664525,85.9169441
33723.0,Kalinga Pharmatech,2873.0,MEDGROWKART,20.4469276,85.89705945
33723.0,Kalinga Pharmatech,2718.0,BIKRAM MEDICAL STORE,20.4469521,85.8966704
33723.0,Kalinga Pharmatech,3066.0,SUDHAKAR MEDICINE STORE,20.4469673,85.8947046
33723.0,Kalinga Pharmatech,3074.0,APPARNA MEDICINE STORE,20.4474439,85.9165975
33723.0,Kalinga Pharmatech,2904.0,GOURAV MEDICINE STORE,20.4475493,85.897386
33723.0,Kalinga Pharmatech,80124905.0,ARATI PHARMA,20.447848,85.9022011
33723.0,Kalinga Pharmatech,80124584.0,S.S MEDICINE STORE,20.4478813,85.8975161
33723.0,Kalinga Pharmatech,80124387.0,JAY JAGANNATH MEDICINE STORE,20.44808055,85.8876118
33723.0,Kalinga Pharmatech,2350.0,SHREE SAI MED POINT,20.4480909,85.9045517
33723.0,Kalinga Pharmatech,2551.0,HEALTH LINE,20.4482081,85.9058123
33723.0,Kalinga Pharmatech,2692.0,SURAKSHYA MEDICINE STORE,20.44827485,85.90292165
33723.0,Kalinga Pharmatech,80124828.0,AYUSH ADITYA MEDICINE STORE,20.4484329,85.8572984
33723.0,Kalinga Pharmatech,2517.0,GET WELL,20.4484329,85.90441675
33723.0,Kalinga Pharmatech,2397.0,DIBYAJYOTI MEDICINE STORE,20.4484404,85.8500942
33723.0,Kalinga Pharmatech,3034.0,MATRU KRUPA MEDICINE STORE,20.44847745,85.92175355
33723.0,Kalinga Pharmatech,2879.0,MODICA MEDICARE,20.4489198,85.9009015
33723.0,Kalinga Pharmatech,80125342.0,AIR MED PHARMA,20.44916565,85.90178085
33723.0,Kalinga Pharmatech,80126438.0,ANJUSHREE MEDICINE STORE,20.4492198,85.7062342
33723.0,Kalinga Pharmatech,80125584.0,SHREE JAGANNATH MEDICINE STORE(CUTTACK),20.44950895,85.9174018
33723.0,Kalinga Pharmatech,3047.0,LAXMI MEDICALS,20.4496808,85.9181561
33723.0,Kalinga Pharmatech,3071.0,RADHA KRISHNA MEDI SHOP,20.4496996,85.91703245
33723.0,Kalinga Pharmatech,2493.0,ANAM MEDICINE STORE,20.4498456,85.8994083
33723.0,Kalinga Pharmatech,80124164.0,AROGYAM MEDICINE STORE,20.4501115,85.9058194
33723.0,Kalinga Pharmatech,80124286.0,SHREE GANESH MEDICINE STORE,20.450714,85.89369745
33723.0,Kalinga Pharmatech,80124248.0,J.J MEDICINES,20.4509644,85.9172574
33723.0,Kalinga Pharmatech,3045.0,RATH MEDICAL STORE,20.45099055,85.9176539
33723.0,Kalinga Pharmatech,3053.0,SAI ANANTA MEDICINES,20.45216155,85.91599395
33723.0,Kalinga Pharmatech,80126221.0,BISWASANTI MEDICINE STORE,20.4522884,85.9164643
33723.0,Kalinga Pharmatech,3133.0,ADISHA MEDICINE STORE,20.45323145,85.8565419
33723.0,Kalinga Pharmatech,2658.0,RANJIT DRUG HOUSE,20.4536266,85.9184756
33723.0,Kalinga Pharmatech,2463.0,SRI SAI MEDICINE STORE,20.4541618,85.89032985
33723.0,Kalinga Pharmatech,2807.0,MEDICO MEDICINE,20.4550296,85.9171597
33723.0,Kalinga Pharmatech,80125079.0,BHOLA BABA MEDICINE STORE,20.455099,85.96308985
33723.0,Kalinga Pharmatech,3151.0,MAA SARALA MEDICAL HALL,20.4556216,85.8857216
33723.0,Kalinga Pharmatech,2411.0,SHREERAM MEDICINE STORE,20.4576603,85.9135277
33723.0,Kalinga Pharmatech,2417.0,"RANJIT, S MEDI SHOP",20.4576678,85.9191146
33723.0,Kalinga Pharmatech,80124861.0,SWARNA CHUDA MEDICAL STORE,20.4585678,85.9183154
33723.0,Kalinga Pharmatech,3104.0,JAY JAGANNATH MED STORE,20.45878305,85.89115325
33723.0,Kalinga Pharmatech,2694.0,SARALA MEDICINE STORE,20.4588991,85.9057981
33723.0,Kalinga Pharmatech,80125484.0,CURE MEDICAL STORE,20.4591642,85.8668643
33723.0,Kalinga Pharmatech,2516.0,HEALING POINT,20.459168,85.8668807
33723.0,Kalinga Pharmatech,2290.0,CUTTACK MEDICINE STORE,20.4592753,85.90903225
33723.0,Kalinga Pharmatech,80125126.0,PANCHAMUKHI MEDICINE STORE,20.4600964,85.89665495
33723.0,Kalinga Pharmatech,80124010.0,DIVINE HEALTH CARE,20.4614411,85.840152
33723.0,Kalinga Pharmatech,2302.0,BAFFEN DRUG HOUSE,20.4614411,85.8626779
33723.0,Kalinga Pharmatech,80126196.0,SHREE JAGANNATH MEDI POINT,20.4620166,85.8967467
33723.0,Kalinga Pharmatech,2274.0,STAR MEDICINE STORE,20.4620241,85.8832025
33723.0,Kalinga Pharmatech,2426.0,HEALTH POINT MEDICAL STORE,20.4627643,85.84229475
33723.0,Kalinga Pharmatech,80124014.0,DARUBRAHMA ENTERPRISERS,20.462933,85.88234145
33723.0,Kalinga Pharmatech,80124572.0,SAIRAM ENTERPRISES,20.4640584,85.85866695
33723.0,Kalinga Pharmatech,80124849.0,KONARK PHARMACEUTICALS,20.464144,85.8663486
33723.0,Kalinga Pharmatech,80124359.0,MANOJ MEDICINE STORE,20.46420225,85.8577355
33723.0,Kalinga Pharmatech,2911.0,AKHANDALAMANI MEDICINE STORE,20.4647559,85.8499007
33723.0,Kalinga Pharmatech,80124385.0,AYUSH MEDICINE STORE,20.46659965,85.8473263
33723.0,Kalinga Pharmatech,2395.0,SANJAY MEDICARE,20.4666684,85.8578427
33723.0,Kalinga Pharmatech,80124278.0,LAXMI MEDICARE,20.466731,85.8578241
33723.0,Kalinga Pharmatech,2564.0,AYUSH MEDICINE,20.4671068,85.85752215
33723.0,Kalinga Pharmatech,80124240.0,ONE MED PHARMA,20.46720145,85.8450759
33723.0,Kalinga Pharmatech,80124371.0,WELCOME MEDICINES,20.4687517,85.8896691
33723.0,Kalinga Pharmatech,3056.0,OMM MEDICINE STORE,20.4688586,85.8971799
33723.0,Kalinga Pharmatech,2343.0,ARVIND PHARMACEUTICAL,20.4691788,85.8708711
33723.0,Kalinga Pharmatech,80124178.0,SAI SANDHYA MEDICINE STORE,20.4692041,85.8556146
33723.0,Kalinga Pharmatech,80124454.0,AROGYA MEDICINE STORE,20.4693925,85.8905547
33723.0,Kalinga Pharmatech,80124325.0,ANNAPURNA MEDICINE STORE CHEMISTS AND DRUGGISTS,20.4694853,85.8998903
33723.0,Kalinga Pharmatech,2416.0,HEALTH CARE MEDICAL STORE,20.4701413,85.79405055
33723.0,Kalinga Pharmatech,2453.0,LIFE CARE,20.47029935,85.8855305
33723.0,Kalinga Pharmatech,2404.0,GOPABANDHU MEDICINE,20.4716575,85.86105045
33723.0,Kalinga Pharmatech,80124265.0,PANACEA,20.47237905,85.84159485
33723.0,Kalinga Pharmatech,80123996.0,SAILAJA MEDISHOP,20.472443,85.8470608
33723.0,Kalinga Pharmatech,2245.0,SAI SRADHA MEDICINES,20.4726017,85.857805
33723.0,Kalinga Pharmatech,80125696.0,MAHAVIR MEDICINE STORE(RAGHAPUR),20.4726075,86.0737532
33723.0,Kalinga Pharmatech,2400.0,BIMALA MEDICINE STORE,20.4726382,85.8602987
33723.0,Kalinga Pharmatech,80125456.0,SHRI JAGANNATH MEDICINE STORE,20.4727034,85.90573645
33723.0,Kalinga Pharmatech,80123994.0,NILADREE MEDICINE STORE,20.4731094,85.8507071
33723.0,Kalinga Pharmatech,80124545.0,SHREE JAGANNATH DRUG HOUSE,20.473157,85.8865822
33723.0,Kalinga Pharmatech,2614.0,AIR MED,20.4731782,85.8871875
33723.0,Kalinga Pharmatech,80124978.0,"SACHDEVA MEDICAL WHOLESALE, LUCKNOW",20.4734682,85.7401649
33723.0,Kalinga Pharmatech,2363.0,SRIYA MEDICINES,20.4734916,85.83908415
33723.0,Kalinga Pharmatech,2699.0,SANVI PHARMA,20.4738229,85.8873885
33723.0,Kalinga Pharmatech,2681.0,ASHA MEDICINE,20.4743313,85.90292895
33723.0,Kalinga Pharmatech,2532.0,KIRAN MEDICINE STORE,20.47443655,85.84015465
33723.0,Kalinga Pharmatech,2528.0,SRIYANKA MEDICINE STORE,20.47448795,85.8484214
33723.0,Kalinga Pharmatech,80124066.0,MAA SANTOSHI MEDCINES,20.4744903,85.8523023
33723.0,Kalinga Pharmatech,2507.0,CARE PLUS MEDICINES,20.4745106,85.8389531
33723.0,Kalinga Pharmatech,2696.0,KASTURI MEDICINE,20.47503765,85.9059784
33723.0,Kalinga Pharmatech,2378.0,BHUASUNI MEDICARE,20.4762669,85.8401738
33723.0,Kalinga Pharmatech,2355.0,POPULAR MEDICINE STORE,20.4768307,85.8855184
33723.0,Kalinga Pharmatech,2713.0,KIRAN MEDICINES,20.4773488,85.84721
33723.0,Kalinga Pharmatech,2365.0,B.K MEDICINE STORE,20.47736795,85.84722945
33723.0,Kalinga Pharmatech,2219.0,BABA AKHANDALAMANI MEDICINE STORE,20.477859,85.8369904
33723.0,Kalinga Pharmatech,80125698.0,LIFE MEDICAL HALL,20.4779984,86.1056696
33723.0,Kalinga Pharmatech,2773.0,LAXMINURSHINGHA MEDICINES(SALIPUR),20.4780266,86.1012635
33723.0,Kalinga Pharmatech,80125889.0,KAIBALY MEDICINES(SALIPUR),20.4781016,86.104431
33723.0,Kalinga Pharmatech,80124253.0,M/S. PUJA MEDICINE STORE,20.4785252,85.8663704
33723.0,Kalinga Pharmatech,80125700.0,SALIPUR MEDICAL STORE,20.4786568,86.1037656
33723.0,Kalinga Pharmatech,2232.0,BM MEDICINES,20.4792918,85.83447945
33723.0,Kalinga Pharmatech,80125703.0,LIFE CARE MEDICINE(SALIPUR),20.4796408,86.0991912
33723.0,Kalinga Pharmatech,80125585.0,SRI HARI MEDICINE STORE(SALEPUR),20.479836,86.1085344
33723.0,Kalinga Pharmatech,80124037.0,SRIYANKA MEDICIMNES STORE,20.4799511,85.8440695
33723.0,Kalinga Pharmatech,2423.0,HEALTH AID MEDICINE STORE,20.480483,85.8372484
33723.0,Kalinga Pharmatech,80126304.0,GET WELL MEDICINE STORE,20.48163305,86.0504696
33723.0,Kalinga Pharmatech,2588.0,ANNAPURNA MEDICAL STORE,20.48168145,85.89573815
33723.0,Kalinga Pharmatech,80124598.0,SAI RAM MEDICINE STORE,20.4817849,85.8385456
33723.0,Kalinga Pharmatech,80124314.0,BINAYAK MEDICAL STORE CHEMIST AND DRUGGIST,20.4820959,85.8498618
33723.0,Kalinga Pharmatech,2538.0,BABA GODAVARI MEDICINES,20.4821342,85.8499007
33723.0,Kalinga Pharmatech,80125959.0,MANU MEDICINES,20.483228,86.0757046
33723.0,Kalinga Pharmatech,3006.0,BANDE PURSHOTTAM MEDICINE STORE,20.49416325,85.9089952
33723.0,Kalinga Pharmatech,2586.0,BIJAY PHARMA,20.4951157,85.9309337
33723.0,Kalinga Pharmatech,80126131.0,MAHAVEER MEDICAL HALL,20.49541925,85.9136613
33723.0,Kalinga Pharmatech,2788.0,ARMAN MEDICINE STORE,20.499182,85.913649
33723.0,Kalinga Pharmatech,3126.0,R S LIFE CARE PHARMA,20.50078615,85.93154305
33723.0,Kalinga Pharmatech,2709.0,MAHALAXMI MEDICINE STORE,20.5013624,85.9126007
33723.0,Kalinga Pharmatech,2685.0,TARINI MEDICINE STORE,20.50136535,85.9104881
33723.0,Kalinga Pharmatech,2833.0,BHABANI SHANKAR MEDICINE STORE,20.5013719,85.908847
33723.0,Kalinga Pharmatech,2890.0,PRATIMA MEDICINE STORE,20.5095044,85.913651
33723.0,Kalinga Pharmatech,2640.0,ABHIRAM MEDICINE STORE,20.51169835,85.9136923
33723.0,Kalinga Pharmatech,80124882.0,SUBHADRA MEDICAL STORE,20.5529273,86.0010575
33723.0,Kalinga Pharmatech,80124873.0,MAA TARINI MEDICINE STORE - TANGI,20.560208,85.9926256
33723.0,Kalinga Pharmatech,2730.0,SAI KRISHNA MEDICINE STORE,20.56051665,85.9861604
33723.0,Kalinga Pharmatech,2731.0,AROGYA MEDICINE STORE,20.5609485,85.9869906
33723.0,Kalinga Pharmatech,2721.0,LAXMIPRIYA MEDICINE STORE,20.56159075,85.99307175
33723.0,Kalinga Pharmatech,80125016.0,HEALTHCARE MEDICAL HALL,20.5710836,86.0189216
33723.0,Kalinga Pharmatech,80125412.0,MAHALAXMI MEDICINE STORE,20.6009888,86.0569433
33723.0,Kalinga Pharmatech,80126308.0,NIGAM MEDICAL STORE,20.60837465,86.0620888
33723.0,Kalinga Pharmatech,80126242.0,SRADHANJALI MEDICINE STORE,20.6110818,86.06362365
33723.0,Kalinga Pharmatech,80125082.0,DURGA MEDICAL STORE,20.6118365,86.0619776
